,vk_id,name,club_id,post_id,source_vk,title,body,short_body,picture,views,date
156252283_398,156252283_398,–ö–∏–±–µ—Ä—Å–ø–æ—Ä—Ç–∏–≤–Ω—ã–π –∫–ª—É–± | RSTU,156252283,398,vk.com/wall-156252283_398,"üö®üö®üö®–ö–∏–±–µ—Ä—Å–ø–æ—Ä—Ç–∏–≤–Ω—ã–π –∫–ª—É–± RSTU, –ø–æ–∑–¥—Ä–∞–≤–ª—è–µ—Ç –≤—Å–µ—Ö —Å—Ç—É–¥–µ–Ω—Ç–æ–≤ –∏ –∏–≥—Ä–æ–∫–æ–≤ –Ω–∞—à–µ–≥–æ —É–Ω–∏–≤–µ—Ä—Å–∏—Ç–µ—Ç–∞ —Å –ù–æ–≤—ã–º –ì–æ–¥–æ–º.üö®üö®üö® –ó–∞ —ç—Ç–æ—Ç –≥–æ–¥ –º—ã –ø—Ä–æ–¥–µ–ª–∞–ª–∏ –æ—á–µ–Ω—å –º–Ω–æ–≥–æ —Ä–∞–±–æ—Ç—ã:–ø–æ—É—á–∞–≤—Å—Ç–≤–æ–≤–∞–ª–∏ –Ω–∞ –í–ö–°–õüèÜ,–ø—Ä–æ–≤–µ–ª–∏ –¥–≤–∞ –∫—Ä–∞—Å–∏–≤–µ–π—à–∏—Ö –∫–∏–±–µ—Ä—Å–µ–∑–æ–Ω–∞ –≤ –Ω–∞—à–µ–º —É–Ω–∏–≤–µ—Ä—Å–∏—Ç–µ—Ç–µü•Åü•Å, –∞ —Å–æ–≤—Å–µ–º –Ω–µ–¥–∞–≤–Ω–æ –æ–¥–∏–Ω –∏–∑ –Ω–∞—à–∏—Ö —Å—Ç—É–¥–µ–Ω—Ç–æ–≤ –æ—Ç–∫—Ä—ã–ª –∫–∏–±–µ—Ä–∫–ª—É–±, –∫–æ—Ç–æ—Ä—ã–π —Å–∫–æ—Ä–µ–µ –≤—Å–µ–≥–æ, –¥–∞ –¥–∞–∂–µ –Ω–µ —Å–∫–æ—Ä–µ–µ-–±—É–¥–µ—Ç –ª—É—á—à–∏–º –≤ –≥–æ—Ä–æ–¥–µ!üí£ –ò —Ö–æ—á–µ—Ç—Å—è –≤—Å–µ–º –ø–æ–∂–µ–ª–∞—Ç—å, —á—Ç–æ–±—ã –≤ –Ω–∞—Å—Ç—É–ø–∞—é—â–µ–º –≥–æ–¥—É —Å –Ω–∞–º–∏ –ø—Ä–æ–∏–∑–æ—à–ª–æ —Ç–æ —Å–∞–º–æ–µ —á—É–¥–æ, –æ –∫–æ—Ç–æ—Ä–æ–º –º—ã –≤—Å–µ —Ç–∞–∫ –º–µ—á—Ç–∞–µ–º. –•–æ—Ç—å —É –∫–∞–∂–¥–æ–≥–æ –æ–Ω–æ —Å–≤–æ–µ, –Ω–æ –æ–Ω–æ –æ–±—è–∑–∞—Ç–µ–ª—å–Ω–æ —Å–∞–º–æ–µ –Ω–µ–æ–±—Ö–æ–¥–∏–º–æ–µ –∏ —Å–∞–º–æ–µ –≤–∞–∂–Ω–æ–µ.üéÑüéÑüéÑ –ñ–µ–ª–∞—é, —á—Ç–æ–±—ã –≤—Å–µ –º—ã –±—ã–ª–∏ –∂–∏–≤—ã –∏ –∑–¥–æ—Ä–æ–≤—ã, —á—Ç–æ–±—ã –∑–∞–Ω–∏–º–∞–ª–∏—Å—å —Ç–µ–º, —á—Ç–æ –ø—Ä–∏–Ω–æ—Å–∏—Ç –Ω–∞–º —É–¥–æ–≤–æ–ª—å—Å—Ç–≤–∏–µ. –ñ–µ–ª–∞—é –¥–æ—Å—Ç–∏–≥–∞—Ç—å –Ω–æ–≤—ã—Ö –≤–µ—Ä—à–∏–Ω‚úà –∏ —Å–∞–º–æ—Ä–µ–∞–ª–∏–∞–∑–æ–≤—ã–≤–∞—Ç—å—Å—è. –ê –µ—â–µ –º—ã —Ö–æ—Ç–∏–º –ø–æ–∂–µ–ª–∞—Ç—å –ø–æ–±–æ–ª—å—à–µ —Ä–∞–¥–æ—Å—Ç–Ω—ã—Ö –º–æ–º–µ–Ω—Ç–æ–≤, –∫–æ—Ç–æ—Ä—ã–µ –ø–µ—Ä–µ–π–¥—É—Ç –≤ –ø—Ä–∏—è—Ç–Ω—ã–µ –≤–æ—Å–ø–æ–º–∏–Ω–∞–Ω–∏—è, –∏ –≤—Å—Ç—Ä–µ—á —Å –ø—Ä–µ–¥–∞–Ω–Ω—ã–º–∏ –¥—Ä—É–∑—å—è–º–∏ –∏ –ª—é–±–∏–º—ã–º–∏ –¥–æ–º–æ—á–∞–¥—Ü–∞–º–∏.–° –ù–æ–≤—ã–º 2020 –≥–æ–¥–æ–º, –∫–∏–±–µ—Ä–∫–æ—Ç–ª–µ—Ç—ãüéÆüéÆüéÆ","üö®üö®üö®–ö–∏–±–µ—Ä—Å–ø–æ—Ä—Ç–∏–≤–Ω—ã–π –∫–ª—É–± RSTU, –ø–æ–∑–¥—Ä–∞–≤–ª—è–µ—Ç –≤—Å–µ—Ö —Å—Ç—É–¥–µ–Ω—Ç–æ–≤ –∏ –∏–≥—Ä–æ–∫–æ–≤ –Ω–∞—à–µ–≥–æ —É–Ω–∏–≤–µ—Ä—Å–∏—Ç–µ—Ç–∞ —Å –ù–æ–≤—ã–º –ì–æ–¥–æ–º.üö®üö®üö® –ó–∞ —ç—Ç–æ—Ç –≥–æ–¥ –º—ã –ø—Ä–æ–¥–µ–ª–∞–ª–∏ –æ—á–µ–Ω—å –º–Ω–æ–≥–æ —Ä–∞–±–æ—Ç—ã:–ø–æ—É—á–∞–≤—Å—Ç–≤–æ–≤–∞–ª–∏ –Ω–∞ –í–ö–°–õüèÜ,–ø—Ä–æ–≤–µ–ª–∏ –¥–≤–∞ –∫—Ä–∞—Å–∏–≤–µ–π—à–∏—Ö –∫–∏–±–µ—Ä—Å–µ–∑–æ–Ω–∞ –≤ –Ω–∞—à–µ–º —É–Ω–∏–≤–µ—Ä—Å–∏—Ç–µ—Ç–µü•Åü•Å, –∞ —Å–æ–≤—Å–µ–º –Ω–µ–¥–∞–≤–Ω–æ –æ–¥–∏–Ω –∏–∑ –Ω–∞—à–∏—Ö —Å—Ç—É–¥–µ–Ω—Ç–æ–≤ –æ—Ç–∫—Ä—ã–ª –∫–∏–±–µ—Ä–∫–ª—É–±, –∫–æ—Ç–æ—Ä—ã–π —Å–∫–æ—Ä–µ–µ –≤—Å–µ–≥–æ, –¥–∞ –¥–∞–∂–µ –Ω–µ —Å–∫–æ—Ä–µ–µ-–±—É–¥–µ—Ç –ª—É—á—à–∏–º –≤ –≥–æ—Ä–æ–¥–µ!üí£ –ò —Ö–æ—á–µ—Ç—Å—è –≤—Å–µ–º –ø–æ–∂–µ–ª–∞—Ç—å, —á—Ç–æ–±—ã –≤ –Ω–∞—Å—Ç—É–ø–∞—é—â–µ–º –≥–æ–¥—É —Å –Ω–∞–º–∏ –ø—Ä–æ–∏–∑–æ—à–ª–æ —Ç–æ —Å–∞–º–æ–µ —á—É–¥–æ, –æ –∫–æ—Ç–æ—Ä–æ–º –º—ã –≤—Å–µ —Ç–∞–∫ –º–µ—á—Ç–∞–µ–º. –•–æ—Ç—å —É –∫–∞–∂–¥–æ–≥–æ –æ–Ω–æ —Å–≤–æ–µ, –Ω–æ –æ–Ω–æ –æ–±—è–∑–∞—Ç–µ–ª—å–Ω–æ —Å–∞–º–æ–µ –Ω–µ–æ–±—Ö–æ–¥–∏–º–æ–µ –∏ —Å–∞–º–æ–µ –≤–∞–∂–Ω–æ–µ.üéÑüéÑüéÑ –ñ–µ–ª–∞—é, —á—Ç–æ–±—ã –≤—Å–µ –º—ã –±—ã–ª–∏ –∂–∏–≤—ã –∏ –∑–¥–æ—Ä–æ–≤—ã, —á—Ç–æ–±—ã –∑–∞–Ω–∏–º–∞–ª–∏—Å—å —Ç–µ–º, —á—Ç–æ –ø—Ä–∏–Ω–æ—Å–∏—Ç –Ω–∞–º —É–¥–æ–≤–æ–ª—å—Å—Ç–≤–∏–µ. –ñ–µ–ª–∞—é –¥–æ—Å—Ç–∏–≥–∞—Ç—å –Ω–æ–≤—ã—Ö –≤–µ—Ä—à–∏–Ω‚úà –∏ —Å–∞–º–æ—Ä–µ–∞–ª–∏–∞–∑–æ–≤—ã–≤–∞—Ç—å—Å—è. –ê –µ—â–µ –º—ã —Ö–æ—Ç–∏–º –ø–æ–∂–µ–ª–∞—Ç—å –ø–æ–±–æ–ª—å—à–µ —Ä–∞–¥–æ—Å—Ç–Ω—ã—Ö –º–æ–º–µ–Ω—Ç–æ–≤, –∫–æ—Ç–æ—Ä—ã–µ –ø–µ—Ä–µ–π–¥—É—Ç –≤ –ø—Ä–∏—è—Ç–Ω—ã–µ –≤–æ—Å–ø–æ–º–∏–Ω–∞–Ω–∏—è, –∏ –≤—Å—Ç—Ä–µ—á —Å –ø—Ä–µ–¥–∞–Ω–Ω—ã–º–∏ –¥—Ä—É–∑—å—è–º–∏ –∏ –ª—é–±–∏–º—ã–º–∏ –¥–æ–º–æ—á–∞–¥—Ü–∞–º–∏.–° –ù–æ–≤—ã–º 2020 –≥–æ–¥–æ–º, –∫–∏–±–µ—Ä–∫–æ—Ç–ª–µ—Ç—ãüéÆüéÆüéÆ","üö®üö®üö®–ö–∏–±–µ—Ä—Å–ø–æ—Ä—Ç–∏–≤–Ω—ã–π –∫–ª—É–± RSTU, –ø–æ–∑–¥—Ä–∞–≤–ª—è–µ—Ç –≤—Å–µ—Ö —Å—Ç—É–¥–µ–Ω—Ç–æ–≤ –∏ –∏–≥—Ä–æ–∫–æ–≤ –Ω–∞—à–µ–≥–æ —É–Ω–∏–≤–µ—Ä—Å–∏—Ç–µ—Ç–∞ —Å –ù–æ–≤—ã–º –ì–æ–¥–æ–º.üö®üö®üö® –ó–∞ —ç—Ç–æ—Ç –≥–æ–¥ –º—ã –ø—Ä–æ–¥–µ–ª–∞–ª–∏ –æ—á–µ–Ω—å –º–Ω–æ–≥–æ",https://sun9-65.userapi.com/c857024/v857024138/34a4a/IlJ7vWGElW4.jpg,1138,1577784490
59636816_962,59636816_962,–ì–ò–ö: –ì–µ—Ä—Ü–µ–Ω–æ–≤—Å–∫–∏–π –ò–≥—Ä–æ–≤–æ–π –ö–ª—É–±,59636816,962,vk.com/wall-59636816_962,üéÑ –î–æ—Ä–æ–≥–∏–µ –¥—Ä—É–∑—å—è! –ì–µ—Ä—Ü–µ–Ω–æ–≤—Å–∫–∏–π –ò–≥—Ä–æ–≤–æ–π –ö–ª—É–± —Å–ø–µ—à–∏—Ç –ø–æ–∑–¥—Ä–∞–≤–∏—Ç—å –≤–∞—Å —Å –Ω–∞—Å—Ç—É–ø–∞—é—â–∏–º 2020 –≥–æ–¥–æ–º! ,"üéÑ –î–æ—Ä–æ–≥–∏–µ –¥—Ä—É–∑—å—è! –ì–µ—Ä—Ü–µ–Ω–æ–≤—Å–∫–∏–π –ò–≥—Ä–æ–≤–æ–π –ö–ª—É–± —Å–ø–µ—à–∏—Ç –ø–æ–∑–¥—Ä–∞–≤–∏—Ç—å –≤–∞—Å —Å –Ω–∞—Å—Ç—É–ø–∞—é—â–∏–º 2020 –≥–æ–¥–æ–º! 

‚õÑ –ù–∞–º –æ—á–µ–Ω—å —Ö–æ—á–µ—Ç—Å—è –ø–æ–±–ª–∞–≥–æ–¥–∞—Ä–∏—Ç—å –≤–∞—Å –∑–∞ —ç—Ç–æ—Ç –Ω–µ–≤–µ—Ä–æ—è—Ç–Ω–æ –º–æ—â–Ω—ã–π –∏ —è—Ä–∫–∏–π –≥–æ–¥! –ú—ã –ø—Ä–æ–≤–µ–ª–∏ –º–Ω–æ–∂–µ—Å—Ç–≤–æ –º–µ—Ä–æ–ø—Ä–∏—è—Ç–∏–π, –Ω–æ –Ω–∏—á–µ–≥–æ –±—ã —ç—Ç–æ–≥–æ –Ω–µ –±—ã–ª–æ –±–µ–∑ –≤–∞—Å! –í–∞—à–∏ —É–ª—ã–±–∫–∏, –¥–æ–±—Ä–æ—Ç–∞ –∏ –∑–∞–∏–Ω—Ç–µ—Ä–µ—Å–æ–≤–∞–Ω–Ω–æ—Å—Ç—å –ø–æ–º–æ–≥–∞—é—Ç –Ω–∞–º –∞–∫—Ç–∏–≤–Ω–æ —Ä–∞–∑–≤–∏–≤–∞—Ç—å—Å—è –∏ —Å—Ç–∞–Ω–æ–≤–∏—Ç—å—Å—è –ª—É—á—à–µ! –ú—ã –ª—é–±–∏–º –≤–∞—Å –≤—Å–µ–π –¥—É—à–æ–π, –≤–µ–¥—å –ì–ò–ö ‚Äî –Ω–µ –ø—Ä–æ—Å—Ç–æ —Å—Ç—É–¥–µ–Ω—á–µ—Å–∫–æ–µ –æ–±—ä–µ–¥–∏–Ω–µ–Ω–∏–µ, –ì–ò–ö ‚Äî —ç—Ç–æ —Å–µ–º—å—è!

üéÅ –ü—É—Å—Ç—å –≤ –Ω–æ–≤–æ–º –≥–æ–¥—É –≤—Å–µ –≤–∞—à–∏ –º–µ—á—Ç—ã –∏—Å–ø–æ–ª–Ω—è—Ç—Å—è, –≤—ã —Å–º–æ–∂–µ—Ç–µ –¥–æ—Å—Ç–∏–≥–Ω—É—Ç—å –≤—Å–µ—Ö –ø–æ—Å—Ç–∞–≤–ª–µ–Ω–Ω—ã—Ö —Ü–µ–ª–µ–π, –ø–æ–∑–Ω–∞–∫–æ–º–∏—Ç–µ—Å—å —Å –∏–Ω—Ç–µ—Ä–µ—Å–Ω—ã–º–∏ –ª—é–¥—å–º–∏ –∏ –ø—Ä–æ—Å—Ç–æ –±—É–¥–µ—Ç–µ —Å—á–∞—Å—Ç–ª–∏–≤—ã! 

ü•Ç –° –Ω–∞—Å—Ç—É–ø–∞—é—â–∏–º –ù–æ–≤—ã–º –ì–æ–¥–æ–º, –¥—Ä—É–∑—å—è! 

‚ù§Ô∏è –û—Å—Ç–∞–≤–ª—è–π—Ç–µ —Å–≤–æ–∏ –Ω–æ–≤–æ–≥–æ–¥–Ω–∏–µ –ø–æ–∂–µ–ª–∞–Ω–∏—è –≤ –∫–æ–º–º–µ–Ω—Ç–∞—Ä–∏—è—Ö!","üéÑ –î–æ—Ä–æ–≥–∏–µ –¥—Ä—É–∑—å—è! –ì–µ—Ä—Ü–µ–Ω–æ–≤—Å–∫–∏–π –ò–≥—Ä–æ–≤–æ–π –ö–ª—É–± —Å–ø–µ—à–∏—Ç –ø–æ–∑–¥—Ä–∞–≤–∏—Ç—å –≤–∞—Å —Å –Ω–∞—Å—Ç—É–ø–∞—é—â–∏–º 2020 –≥–æ–¥–æ–º! 

‚õÑ –ù–∞–º –æ—á–µ–Ω—å —Ö–æ—á–µ—Ç—Å—è –ø–æ–±–ª–∞–≥–æ–¥–∞—Ä–∏—Ç—å –≤–∞—Å –∑–∞",https://sun9-64.userapi.com/c855216/v855216089/1bd607/EKNPhpvymks.jpg,571,1577824420
67877749_6167,67877749_6167,–ö–∏–±–µ—Ä—Å–ø–æ—Ä—Ç–∏–≤–Ω—ã–π –∫–ª—É–± CyberBonch,67877749,6167,vk.com/wall-67877749_6167,–î–æ—Ä–æ–≥–∏–µ –¥—Ä—É–∑—å—è –∏ –∫–∏–±–µ—Ä—Å–ø–æ—Ä—Ç–º–µ–Ω—ã!,"–î–æ—Ä–æ–≥–∏–µ –¥—Ä—É–∑—å—è –∏ –∫–∏–±–µ—Ä—Å–ø–æ—Ä—Ç–º–µ–Ω—ã!
–ö–∏–±–µ—Ä—Å–ø–æ—Ä—Ç–∏–≤–Ω—ã–π –∫–ª—É–± ‚ÄúCyberBonch‚Äù –ø–æ–∑–¥—Ä–∞–≤–ª—è–µ—Ç –≤–∞—Å —Å –Ω–æ–≤—ã–º –≥–æ–¥–æ–º!
–ñ–µ–ª–∞–µ–º –≤–∞–º –Ω–æ–≤—ã—Ö —Å–≤–µ—Ä—à–µ–Ω–∏–π, —É–¥–∞—á –∏ –ø–æ–±–µ–¥!
–ì–æ—Ç–æ–≤—ã –∫ —Å–ª–µ–¥—É—é—â–µ–º—É –¥–µ—Å—è—Ç–∏–ª–µ—Ç–∏—é?
–í 2020 –≥–æ–¥—É –±—É–¥–µ–º —Ä–∞–¥–æ–≤–∞—Ç—å –≤–∞—Å –∫—Ä—É—Ç—ã–º –∫–æ–Ω—Ç–µ–Ω—Ç–æ–º, –∏–Ω—Ç–µ—Ä–µ—Å–Ω—ã–º–∏ —Ç—É—Ä–Ω–∏—Ä–∞–º–∏ –∏ –º–æ—â–Ω—ã–º–∏ –ø–æ–±–µ–¥–∞–º–∏!
–ü—É—Å—Ç—å –∏–Ω—Ç–µ—Ä–Ω–µ—Ç –±—É–¥–µ—Ç —Å—Ç–∞–±–∏–ª—å–Ω—ã–º, fps –≤—ã—Å–æ–∫–∏–º, –∞ ping –Ω–∏–∑–∫–∏–º!
#CyberBonch #—Å–ø–±–≥—É—Ç #–±–æ–Ω—á #spbsut","–î–æ—Ä–æ–≥–∏–µ –¥—Ä—É–∑—å—è –∏ –∫–∏–±–µ—Ä—Å–ø–æ—Ä—Ç–º–µ–Ω—ã!
–ö–∏–±–µ—Ä—Å–ø–æ—Ä—Ç–∏–≤–Ω—ã–π –∫–ª—É–± ‚ÄúCyberBonch‚Äù –ø–æ–∑–¥—Ä–∞–≤–ª—è–µ—Ç –≤–∞—Å —Å –Ω–æ–≤—ã–º –≥–æ–¥–æ–º!
–ñ–µ–ª–∞–µ–º –≤–∞–º –Ω–æ–≤—ã—Ö —Å–≤–µ—Ä—à–µ–Ω–∏–π, —É–¥–∞—á –∏ –ø–æ–±–µ–¥!
–ì–æ—Ç–æ–≤—ã –∫ —Å–ª–µ–¥—É—é—â–µ–º—É –¥–µ—Å—è—Ç–∏–ª–µ—Ç–∏—é?
–í",https://sun9-38.userapi.com/c858436/v858436952/13a1d5/gnalGktFmkc.jpg,567,1577955613
130449359_4397,130449359_4397,–ö–∏–±–µ—Ä—Å–ø–æ—Ä—Ç –Ø—Ä–æ—Å–ª–∞–≤–ª—å | DYSU Esports,130449359,4397,vk.com/wall-130449359_4397,#dysu #newyear2020@dysuesports #–∫–∏–±–µ—Ä—Å–ø–æ—Ä—Ç—è—Ä–æ—Å–ª–∞–≤–ª—å #dysuesports,"#dysu #newyear2020@dysuesports #–∫–∏–±–µ—Ä—Å–ø–æ—Ä—Ç—è—Ä–æ—Å–ª–∞–≤–ª—å #dysuesports

üéÑ–° –ù–æ–≤—ã–º –ì–æ–¥–æ–º, –∫–∏–±–µ—Ä—Å–ø–æ—Ä—Ç—Å–º–µ–Ω—ã!üéÑ –ü—Ä–µ–∂–¥–µ —á–µ–º –≤—Å—Ç—Ä–µ—Ç–∏—Ç—å –µ–≥–æ, –º—ã, –∫–∞–∫ –∏ –≤—Å–µ –æ—Å—Ç–∞–ª—å–Ω—ã–µ, —Ä–µ—à–∏–ª–∏ –ø–æ–¥–≤–µ—Å—Ç–∏ –∏—Ç–æ–≥–∏ –Ω–∞—à–µ–π –ø–ª–æ–¥–æ—Ç–≤–æ—Ä–Ω–æ–π —Ä–∞–±–æ—Ç—ã –∑–∞ 2019 –≥–æ–¥.üí™ –ò—Ç–∞–∫, –∑–∞ —ç—Ç–æ –≤—Ä–µ–º—è –º—ã —É—Å–ø–µ–ª–∏ –ø—Ä–æ–≤–µ—Å—Ç–∏ —Ç—É—Ä–Ω–∏—Ä—ã –ø–æ Dota 2, CS:GO, Hearthstone, PUBG –∏ –∫—Ä—É–ø–Ω—ã–µ —Ç—É—Ä–Ω–∏—Ä—ã –ø–æ FIFA19 –∏ NHL19. –ü–æ–±—ã–≤–∞–ª–∏ –Ω–∞ Epicenter Major –≤ —Ä–æ–ª–∏ –°–ú–ò üòé, –∞ –¥–≤–æ–µ –Ω–∞—à–∏—Ö –∫–æ–ª–ª–µ–≥ –ø–æ–ª—É—á–∏–ª–∏ —Å—É–¥–µ–π—Å–∫–∏–µ –∫–≤–∞–ª–∏—Ñ–∏–∫–∞—Ü–∏–∏ –æ—Ç –§–ö–° –†–æ—Å—Å–∏–∏. –ò–∑—Ä—è–¥–Ω–æ –ø–æ–¥–Ω—è–ª–∏ –∫–∞—á–µ—Å—Ç–≤–æ —Ç—Ä–∞–Ω—Å–ª—è—Ü–∏–π, –æ–±–∑–∞–≤–µ–ª–∏—Å—å —Å–≤–æ–µ–π —Ç—Ä–µ–Ω–∏—Ä–æ–≤–æ—á–Ω–æ–π –±–∞–∑–æ–π, –æ–±—Ä–µ–ª–∏ –ø–æ–ª–µ–∑–Ω—ã–µ –∑–Ω–∞–∫–æ–º—Å—Ç–≤–∞, –æ–ø—Ä–µ–¥–µ–ª–∏–ª–∏ —Å–∏–ª—å–Ω–µ–π—à–∏—Ö –∏–≥—Ä–æ–∫–æ–≤ –Ø—Ä–ì–£, –∞ —Ç–∞–∫ –∂–µ –∑–∞–ª–æ–∂–∏–ª–∏ —Ñ—É–Ω–¥–∞–º–µ–Ω—Ç –¥–ª—è —Ä–∞–∑–≤–∏—Ç–∏—è —Å—Ç—É–¥–µ–Ω—á–µ—Å–∫–æ–≥–æ –∫–∏–±–µ—Ä—Å–ø–æ—Ä—Ç–∞ –≤ –Ω–∞—à–µ–º –≥–æ—Ä–æ–¥–µ. –ù—É –∏ –∫–∞–∫ –∂–µ –Ω–µ —É–ø–æ–º—è–Ω—É—Ç—å —Ä–µ–±—Ä–µ–Ω–¥–∏–Ω–≥ –∏ —Å–º–µ–Ω—É –ª–æ–≥–æ—Ç–∏–ø–∞. 

ü•Ç–î—Ä—É–∑—å—è, —ç—Ç–æ –±—ã–ª –¥–æ—Å—Ç–∞—Ç–æ—á–Ω–æ —Ö–æ—Ä–æ—à–∏–π –≥–æ–¥, —Å–æ —Å–≤–æ–∏–º–∏ –ø—Ä–æ–±–ª–µ–º–∞–º–∏, –∫–æ—Ç–æ—Ä—ã–µ –ø–æ–π–¥—É—Ç –Ω–∞–º –≤ –æ–ø—ã—Ç, –∏, –∫–æ–Ω–µ—á–Ω–æ –∂–µ, —Å –ø–æ—Ç—Ä—è—Å–Ω—ã–º–∏ —Ç—É—Ä–Ω–∏—Ä–∞–º–∏, –∫–æ—Ç–æ—Ä—ã–µ –Ω–∞–º –∑–∞–ø–æ–Ω—è—Ç—Å—è –Ω–∞ –¥–æ–ª–≥–æ, –Ω–æ –º—ã –Ω–µ —Ö–æ—Ç–∏–º –∏ –Ω–µ –±—É–¥–µ–º –æ—Å—Ç–∞–Ω–∞–≤–ª–∏–≤–∞—Ç—å—Å—è. ü•Ç

–°–ª–µ–¥—É—é—â–∏–π –≥–æ–¥ - 2020 - –º—ã –æ–±—ä—è–≤–ª—è–µ–º –≥–æ–¥–æ–º —Å—Ç—É–¥–µ–Ω—á–µ—Å—Ç–≤–∞ ‚úçÔ∏è, —á—Ç–æ –æ–∑–Ω–∞—á–∞–µ—Ç –¥–ª—è –Ω–∞—Å —Ä–∞–±–æ—Ç—É —Å–æ –≤—Å–µ–º–∏ –í—É–∑–∞–º–∏ –∏ –°—É–∑–∞–º–∏ –≥–æ—Ä–æ–¥–∞. –ù–µ –∑–∞–±—É–¥–µ–º –∏ –ø—Ä–æ –æ–±—ã—á–Ω—ã—Ö —Ä–∞–±–æ—Ç—è–≥ –∏ —à–∫–æ–ª—å–Ω–∏–∫–æ–≤, –ø–ª–∞–Ω–æ–≤ –º–Ω–æ–≥–æ, –ø–æ—Å—Ç–∞—Ä–∞–µ–º—Å—è –≤—Å–µ —Ä–µ–∞–ª–∏–∑–æ–≤–∞—Ç—å. 

üéâ–£–¥–∞—á–∏ –≤–∞–º –≤ –Ω–æ–≤–æ–º –≥–æ–¥—É, –∏ –¥–æ –Ω–æ–≤—ã—Ö –≤—Å—Ç—Ä–µ—á –Ω–∞ –µ—â–µ –±–æ–ª–µ–µ –∫—Ä—É—Ç—ã—Ö –∏–≤–µ–Ω—Ç–∞—Ö. –° –ª—é–±–æ–≤—å—é, –≤–∞—à–∞ –æ—Ä–≥.–∫–æ–º–∞–Ω–¥–∞ DYSU ESPORTS. üéâ","#dysu #newyear2020@dysuesports #–∫–∏–±–µ—Ä—Å–ø–æ—Ä—Ç—è—Ä–æ—Å–ª–∞–≤–ª—å #dysuesports

üéÑ–° –ù–æ–≤—ã–º –ì–æ–¥–æ–º, –∫–∏–±–µ—Ä—Å–ø–æ—Ä—Ç—Å–º–µ–Ω—ã!üéÑ –ü—Ä–µ–∂–¥–µ —á–µ–º –≤—Å—Ç—Ä–µ—Ç–∏—Ç—å –µ–≥–æ, –º—ã, –∫–∞–∫ –∏ –≤—Å–µ –æ—Å—Ç–∞–ª—å–Ω—ã–µ, —Ä–µ—à–∏–ª–∏ –ø–æ–¥–≤–µ—Å—Ç–∏ –∏—Ç–æ–≥–∏ –Ω–∞—à–µ–π",https://sun9-19.userapi.com/c857320/v857320201/a2074/6iLm0cKcwaA.jpg,560,1577816564
164178862_610,164178862_610,–ö–∏–±–µ—Ä—Å–ø–æ—Ä—Ç–∏–≤–Ω–∞—è –ª–∏–≥–∞ –¢—é–º–ì–£,164178862,610,vk.com/wall-164178862_610,üî• –ò–¢–û–ì–ò –ì–û–î–ê,"üî• –ò–¢–û–ì–ò –ì–û–î–ê

<a href=""vk.com/club164178862"">–ö–∏–±–µ—Ä—Å–ø–æ—Ä—Ç–∏–≤–Ω–∞—è –ª–∏–≥–∞ –¢—é–º–ì–£</a> —É–∂–µ —Ç—Ä–µ—Ç–∏–π —Ä–∞–∑ –ø–æ–¥–≤–æ–¥–∏—Ç –∏—Ç–æ–≥–∏. –° –∫–∞–∂–¥—ã–º –≥–æ–¥–æ–º —É –Ω–∞—Å –≤—Å–µ –±–æ–ª—å—à–µ –∏ –±–æ–ª—å—à–µ –º–µ—Ä–æ–ø—Ä–∏—è—Ç–∏–π, —Ç—É—Ä–Ω–∏—Ä–æ–≤, –∏–≥—Ä–æ–∫–æ–≤, –∞ —Å–∞–º–æ–µ –≥–ª–∞–≤–Ω–æ–µ ‚Äî –∂–µ–ª–∞–Ω–∏—è –∏–¥—Ç–∏ –≤–ø–µ—Ä–µ–¥. –ü–æ—Å–º–æ—Ç—Ä–∏–º, –Ω–∞ –∫–∞–∫–∏–µ –≤–µ—Ä—à–∏–Ω—ã –º—ã –∑–∞–±—Ä–∞–ª–∏—Å—å!

‚ö° –°—Ä–∞–∂–∞–ª–∏—Å—å –Ω–∞ —Ä–µ–≥–∏–æ–Ω–∞–ª—å–Ω–æ–º —ç—Ç–∞–ø–µ –í–ö–°–õ, –≥–¥–µ –≤—ã—à–ª–∏ –Ω–∞ —Ñ–∏–Ω–∞–ª –∑–æ–Ω–∞–ª—å–Ω–æ–≥–æ —ç—Ç–∞–ø–∞:
üî´ CS:GO
üëæ Dota 2
üÉè Artifact
üë®‚Äçüé§ Warface
üÄÑ Hearthstone

‚ö° –í —ç—Ç–æ–º –≥–æ–¥—É –º—ã –ø—Ä–æ–≤–µ–ª–∏ —Ç—É—Ä–Ω–∏—Ä—ã –ø–æ –¥–∏—Å—Ü–∏–ø–ª–∏–Ω–∞–º:
‚öΩ UFC3
üëäüèª Mortal Kombat XL –∏ 11
üí™üèªTekken7
üëæ Dota 2
üë®‚ÄçüöÄ Starcraft II 
üí´OSU!

‚ö° –†–∞—Å—à–∏—Ä—è–µ–º –ø—É–ª –¥–∏—Å—Ü–∏–ø–ª–∏–Ω:
League of Legends
Overwatch

‚ö° –ü–æ—è–≤–∏–ª—Å—è –Ω–æ–≤—ã–π –¥–∏–∑–∞–π–Ω —Ñ–æ—Ä–º—ã –¥–ª—è –Ω–∞—à–∏—Ö –∫–∏–±–µ—Ä—Å–ø–æ—Ä—Ç—Å–º–µ–Ω–æ–≤

‚ö° –ß–ª–µ–Ω—ã –Ω–∞—à–µ–π –∫–æ–º–∞–Ω–¥—ã —Å—Ç–∞–ª–∏ –∞–∫–∫—Ä–µ–¥–∏—Ç–æ–≤–∞–Ω–Ω—ã–º–∏ —Å—É–¥—å—è–º–∏

‚ö° –ü—Ä–æ–≤–µ–ª–∏ –æ—Ç–±–æ—Ä–æ—á–Ω—ã–µ —Ç—É—Ä–Ω–∏—Ä—ã –∏–≥—Ä–æ–∫–æ–≤ –¢—é–º–ì–£, –¥–ª—è —Ñ–∏–Ω–∞–ª–∞ —Å—Ç—É–¥–µ–Ω—á–µ—Å–∫–æ–π –∫–∏–±–µ—Ä—Å–ø–æ—Ä—Ç–∏–≤–Ω–æ–π –ª–∏–≥–∏ 2019, –ø–æ –¥–∏—Å—Ü–∏–ø–ª–∏–Ω–∞–º:
üî´ CS:GO 
üÄÑ Hearthstone
ü§¥ Clash Royale 
üå≤ Warcraft III: Frozen Throne
üëæ Dota 2

‚ö°–í—ã–∏–≥—Ä–∞–ª–∏ —Ñ–∏–Ω–∞–ª —Å—Ç—É–¥–µ–Ω—á–µ—Å–∫–æ–π –∫–∏–±–µ—Ä—Å–ø–æ—Ä—Ç–∏–≤–Ω–æ–π –ª–∏–≥–∏ 2019. –ù–∞—à–∏ –∏–≥—Ä–æ–∫–∏ –ø–æ–ª—É—á–∏–ª–∏ –ø—Ä–∞–≤–æ –ø—Ä–µ–¥—Å—Ç–∞–≤–ª—è—Ç—å –¢—é–º–µ–Ω—Å–∫—É—é –æ–±–ª–∞—Å—Ç—å –≤ —á–µ—Ç–≤–µ—Ä—Ç–æ–º —Å–µ–∑–æ–Ω–µ –í–°–ö–õ 2020 –≥–æ–¥—É, –≥–¥–µ —Å–º–æ–≥—É—Ç —Å—Ä–∞–∑–∏—Ç—å—Å—è –∑–∞ –ø—Ä–∏–∑–æ–≤–æ–π —Ñ–æ–Ω–¥ 2 000 000 —Ä—É–±–ª–µ–π!

–í—ã—Ä–∞–∂–∞–µ–º –æ–≥—Ä–æ–º–Ω—É—é –±–ª–∞–≥–æ–¥–∞—Ä–Ω–æ—Å—Ç—å –≤—Å–µ–º, –∫—Ç–æ —Å–ª–µ–¥–∏—Ç –∑–∞ –Ω–∞–º–∏, –±–æ–ª–µ–µ—Ç –∑–∞ –∫–∏–±–µ—Ä—Å–ø–æ—Ä—Ç—Å–º–µ–Ω–æ–≤, –ø–æ–º–æ–≥–∞–ª, —É—á–∞—Å—Ç–≤–æ–≤–∞–ª –≤ –Ω–∞—à–∏—Ö —Ç—É—Ä–Ω–∏—Ä–∞—Ö! 

<a href=""vk.com/club164178862"">–ö–∏–±–µ—Ä—Å–ø–æ—Ä—Ç–∏–≤–Ω–∞—è –ª–∏–≥–∞ –¢—é–º–ì–£</a> –ø–æ–∑–¥—Ä–∞–≤–ª—è–µ—Ç –≤—Å–µ—Ö —Å –Ω–∞—Å—Ç—É–ø–∞—é—â–∏–º –ù–æ–≤—ã–º –≥–æ–¥–æ–º! 

#–û–ø–∏—Ä–∞—è—Å—å–ù–∞–û–ø—ã—Ç–ü—Ä–æ—à–ª—ã—Ö–õ–µ—Ç #eleagueutmn","üî• –ò–¢–û–ì–ò –ì–û–î–ê

[club164178862|–ö–∏–±–µ—Ä—Å–ø–æ—Ä—Ç–∏–≤–Ω–∞—è –ª–∏–≥–∞ –¢—é–º–ì–£] —É–∂–µ —Ç—Ä–µ—Ç–∏–π —Ä–∞–∑ –ø–æ–¥–≤–æ–¥–∏—Ç –∏—Ç–æ–≥–∏. –° –∫–∞–∂–¥—ã–º –≥–æ–¥–æ–º —É –Ω–∞—Å –≤—Å–µ –±–æ–ª—å—à–µ –∏ –±–æ–ª—å—à–µ –º–µ—Ä–æ–ø—Ä–∏—è—Ç–∏–π,",https://sun9-34.userapi.com/c204720/v204720277/24f62/6i_v_qcGt9E.jpg,432,1577781300
168608653_453,168608653_453,–ö–∏–±–µ—Ä–∫–ª—É–± –ß–ì–£ –∏–º. –ò. –ù. –£–ª—å—è–Ω–æ–≤–∞,168608653,453,vk.com/wall-168608653_453,üéÑ–° –Ω–∞—Å—Ç—É–ø–∞—é—â–∏–º –Ω–æ–≤—ã–º –≥–æ–¥–æ–º! ,"üéÑ–° –Ω–∞—Å—Ç—É–ø–∞—é—â–∏–º –Ω–æ–≤—ã–º –≥–æ–¥–æ–º! 
  
 –ù–∞–¥–µ–µ–º—Å—è, –≤—ã –≤—Å–µ —Å—Ç–∞–ª–∏ –ª—É—á—à–∏–º–∏ –≤–µ—Ä—Å–∏—è–º–∏ —Å–µ–±—è –≤ —ç—Ç–æ–º —É—Ö–æ–¥—è—â–µ–º –≥–æ–¥—É, –∏ –≤–µ—Ä–∏–º, —á—Ç–æ –Ω–∞—à–µ –¥–µ–ª–æ –ø–æ–º–æ–≥–ª–æ –≤–∞–º –≤—Å–µ–º –Ω–∞–π—Ç–∏ –Ω–æ–≤—ã—Ö –¥—Ä—É–∑–µ–π, —Ç–æ–≤–∞—Ä–∏—â–µ–π –ø–æ –∫–æ–º–∞–Ω–¥–µ, –∞ –∫–æ–º—É-—Ç–æ –¥–∞–∂–µ –ª—é–±–æ–≤—å –≤—Å–µ–π —Å–≤–æ–µ–π –∂–∏–∑–Ω–∏!
  
üéÅ–ñ–µ–ª–∞–µ–º –≤—Å–µ–º —Ö–æ—Ä–æ—à–∏—Ö –Ω–æ–≤–æ–≥–æ–¥–Ω–∏—Ö –∫–∞–Ω–∏–∫—É–ª. –ù–∞—Å –∂–¥—ë—Ç –æ—á–µ–Ω—å –ø–ª–æ–¥–æ—Ç–≤–æ—Ä–Ω—ã–π –≥–æ–¥ –∏ –∫—É—á–∞ –º–µ—Ä–æ–ø—Ä–∏—è—Ç–∏–π!
#GLHF","üéÑ–° –Ω–∞—Å—Ç—É–ø–∞—é—â–∏–º –Ω–æ–≤—ã–º –≥–æ–¥–æ–º! 
  
 –ù–∞–¥–µ–µ–º—Å—è, –≤—ã –≤—Å–µ —Å—Ç–∞–ª–∏ –ª—É—á—à–∏–º–∏ –≤–µ—Ä—Å–∏—è–º–∏ —Å–µ–±—è –≤ —ç—Ç–æ–º —É—Ö–æ–¥—è—â–µ–º –≥–æ–¥—É, –∏ –≤–µ—Ä–∏–º,",https://sun9-61.userapi.com/c200720/v200720983/295d2/f61GWDBlzCM.jpg,416,1577820300
171177504_577,171177504_577,USATU eSports,171177504,577,vk.com/wall-171177504_577,"–ò –≤–æ—Ç –Ω–∞—Å—Ç—É–ø–∏–ª —Ç–æ—Ç –¥–µ–Ω—å, –∫–æ–≥–¥–∞ –∞–¥–º–∏–Ω –≤–º–µ—Å—Ç–æ —Ñ—Ä–∞–≥–æ–≤ –Ω–∞—Ä–µ–∑–∞–µ—Ç —Å–∞–ª–∞—Ç—ã.","–ò –≤–æ—Ç –Ω–∞—Å—Ç—É–ø–∏–ª —Ç–æ—Ç –¥–µ–Ω—å, –∫–æ–≥–¥–∞ –∞–¥–º–∏–Ω –≤–º–µ—Å—Ç–æ —Ñ—Ä–∞–≥–æ–≤ –Ω–∞—Ä–µ–∑–∞–µ—Ç —Å–∞–ª–∞—Ç—ã.
–ö–æ–º–∞–Ω–¥–∞ USATU eSports –æ—Ç –≤—Å–µ–π –¥—É—à–∏ –ø–æ–∑–¥—Ä–∞–≤–ª—è–µ—Ç –≤—Å–µ—Ö —Å –Ω–∞—Å—Ç—É–ø–∞—é—â–∏–º 2020 –≥–æ–¥–æ–º! –ü—É—Å—Ç—å –æ–Ω –ø—Ä–∏–Ω–µ—Å–µ—Ç —Ä–∞–¥–æ—Å—Ç—å –∏ —Å–æ–≥–ª–∞—Å–∏–µ –≤ –≤–∞—à –¥–æ–º, –æ—Ç–∫—Ä–æ–µ—Ç –Ω–æ–≤—ã–µ –ø—Ä–æ—Ñ–µ—Å—Å–∏–æ–Ω–∞–ª—å–Ω—ã–µ –∏ –ª–∏—á–Ω—ã–µ –ø–µ—Ä—Å–ø–µ–∫—Ç–∏–≤—ã. 
–ü–ª–∞–Ω–∏—Ä—É–π—Ç–µ –∏ —Ç–≤–æ—Ä–∏—Ç–µ. –ü—Ä–µ—É—Å–ø–µ–≤–∞–π—Ç–µ –∏ –æ—à–∏–±–∞–π—Ç–µ—Å—å. –¢–∞–∫–æ–π –≥–æ–¥ –±—ã–≤–∞–µ—Ç —Ä–∞–∑ –≤ —Å—Ç–æ –ª–µ—Ç - –∫–æ–≥–¥–∞ –∂–µ –Ω–∞—á–∏–Ω–∞—Ç—å, –∫–∞–∫ –Ω–µ —Å–µ–π—á–∞—Åüòâ","–ò –≤–æ—Ç –Ω–∞—Å—Ç—É–ø–∏–ª —Ç–æ—Ç –¥–µ–Ω—å, –∫–æ–≥–¥–∞ –∞–¥–º–∏–Ω –≤–º–µ—Å—Ç–æ —Ñ—Ä–∞–≥–æ–≤ –Ω–∞—Ä–µ–∑–∞–µ—Ç —Å–∞–ª–∞—Ç—ã.
–ö–æ–º–∞–Ω–¥–∞ USATU eSports –æ—Ç –≤—Å–µ–π –¥—É—à–∏ –ø–æ–∑–¥—Ä–∞–≤–ª—è–µ—Ç –≤—Å–µ—Ö —Å –Ω–∞—Å—Ç—É–ø–∞—é—â–∏–º",https://sun9-69.userapi.com/c858532/v858532353/9993e/GG44LYWyKxU.jpg,406,1577803358
78627305_3896,78627305_3896,–ö–∏–±–µ—Ä–í—ã—à–∫–∞,78627305,3896,vk.com/wall-78627305_3896,–ö–∏–±–µ—Ä–í—ã—à–∫–∞ –ø–æ–∑–¥—Ä–∞–≤–ª—è–µ—Ç –≤—Å–µ—Ö —Å –Ω–∞—Å—Ç—É–ø–∞—é—â–∏–º –ù–æ–≤—ã–º –ì–æ–¥–æ–º! ,"–ö–∏–±–µ—Ä–í—ã—à–∫–∞ –ø–æ–∑–¥—Ä–∞–≤–ª—è–µ—Ç –≤—Å–µ—Ö —Å –Ω–∞—Å—Ç—É–ø–∞—é—â–∏–º –ù–æ–≤—ã–º –ì–æ–¥–æ–º! 

–ñ–µ–ª–∞–µ–º –≤–∞–º –≤ –Ω–æ–≤–æ–º –≥–æ–¥—É —É—Å–ø–µ—Ö–æ–≤, –Ω—É–∂–Ω–æ–≥–æ —Ä–∞–Ω–≥–∞ , –∞ —Ç–∞–∫–∂–µ —Ö–æ—Ä–æ—à–∏—Ö —Ç–∏–º–º–µ–π—Ç–æ–≤ –Ω–µ —Ç–æ–ª—å–∫–æ –≤ –∏–≥—Ä–∞—Ö, –Ω–æ –∏ –≤ –∂–∏–∑–Ω–∏! :)

–°–ø–∞—Å–∏–±–æ –≤—Å–µ–º, –∫—Ç–æ –±–æ–ª–µ–ª –∏ –±–æ–ª–µ–µ—Ç –∑–∞ —Ä–æ–¥–Ω—É—é –∫–æ–º–∞–Ω–¥—É —É–Ω–∏–≤–µ—Ä—Å–∏—Ç–µ—Ç–∞. –°–ø–∞—Å–∏–±–æ –≤—Å–µ–º, –∫—Ç–æ —É—á–∞—Å—Ç–≤—É–µ—Ç –≤ —Ç—É—Ä–Ω–∏—Ä–∞—Ö, –∏ –∫–æ–º—É –Ω–µ –±–µ–∑—Ä–∞–∑–ª–∏—á–Ω–∞ –Ω–∞—à–∞ –¥–µ—è—Ç–µ–ª—å–Ω–æ—Å—Ç—å. –≠—Ç–æ—Ç –≥–æ–¥ –±—ã–ª —Ç—Ä—É–¥–Ω—ã–º, –Ω–æ –∏–Ω—Ç–µ—Ä–µ—Å–Ω—ã–º, –∏ –≥–ª–∞–≤–Ω–æ–µ, —á—Ç–æ –æ–Ω –±—ã–ª –ø–æ–ª–æ–Ω –Ω–æ–≤—ã—Ö —Å–≤–µ—Ä—à–µ–Ω–∏–π –∏ –¥–æ—Å—Ç–∏–∂–µ–Ω–∏–π. –ù–∞–¥–µ–µ–º—Å—è, —á—Ç–æ –≤ —Å–ª–µ–¥—É—é—â–µ–º –±—É–¥–µ—Ç –µ—â–µ –∂–∞—Ä—á–µ –∏ –∫—Ä—É—á–µ! 
 
–£–≤–∏–¥–∏–º—Å—è –≤ 2020!!!","–ö–∏–±–µ—Ä–í—ã—à–∫–∞ –ø–æ–∑–¥—Ä–∞–≤–ª—è–µ—Ç –≤—Å–µ—Ö —Å –Ω–∞—Å—Ç—É–ø–∞—é—â–∏–º –ù–æ–≤—ã–º –ì–æ–¥–æ–º! 

–ñ–µ–ª–∞–µ–º –≤–∞–º –≤ –Ω–æ–≤–æ–º –≥–æ–¥—É —É—Å–ø–µ—Ö–æ–≤, –Ω—É–∂–Ω–æ–≥–æ —Ä–∞–Ω–≥–∞ , –∞ —Ç–∞–∫–∂–µ —Ö–æ—Ä–æ—à–∏—Ö —Ç–∏–º–º–µ–π—Ç–æ–≤",https://sun9-65.userapi.com/c206628/v206628503/25c1c/qXwu4F7OBZ8.jpg,399,1577815211
141935921_1982,141935921_1982,–ö–∏–±–µ—Ä—Å–ø–æ—Ä—Ç –≤ –ü–æ–ª–∏—Ç–µ—Ö–Ω–∏—á–µ—Å–∫–æ–º,141935921,1982,vk.com/wall-141935921_1982,"2019 –≥–æ–¥ –ø–æ–¥—Ö–æ–¥–∏—Ç –∫ –∫–æ–Ω—Ü—É, –∏ <a href=""vk.com/club141935921"">–ö–∏–±–µ—Ä—Å–ø–æ—Ä—Ç –≤ –ü–æ–ª–∏—Ç–µ—Ö–Ω–∏—á–µ—Å–∫–æ–º</a> —Å–ø–µ—à–∏—Ç –ø–æ–∑–¥—Ä–∞–≤–∏—Ç—å –≤—Å–µ—Ö —Å –Ω–∞—Å—Ç—É–ø–∞—é—â–∏–º–∏ –ø—Ä–∞–∑–¥–Ω–∏–∫–∞–º–∏! ","2019 –≥–æ–¥ –ø–æ–¥—Ö–æ–¥–∏—Ç –∫ –∫–æ–Ω—Ü—É, –∏ <a href=""vk.com/club141935921"">–ö–∏–±–µ—Ä—Å–ø–æ—Ä—Ç –≤ –ü–æ–ª–∏—Ç–µ—Ö–Ω–∏—á–µ—Å–∫–æ–º</a> —Å–ø–µ—à–∏—Ç –ø–æ–∑–¥—Ä–∞–≤–∏—Ç—å –≤—Å–µ—Ö —Å –Ω–∞—Å—Ç—É–ø–∞—é—â–∏–º–∏ –ø—Ä–∞–∑–¥–Ω–∏–∫–∞–º–∏! 

–ñ–µ–ª–∞–µ–º –≤–∞–º –≤—Å–µ–≥–¥–∞ –±—ã—Ç—å –ø–µ—Ä–≤—ã–º–∏! 

–ú–µ—á—Ç–∞–π—Ç–µ, –¥–µ—Ä–∑–∞–π—Ç–µ, —Ç–≤–æ—Ä–∏—Ç–µ, –≤–µ–¥—å –µ—Å–ª–∏ –≤–µ—Ä–∏—Ç—å –≤ —Å–µ–±—è –∏ –ª—é–¥–µ–π, –∫–æ—Ç–æ—Ä—ã–µ —Ä—è–¥–æ–º, –º–æ–∂–Ω–æ –ø–æ–∫–æ—Ä–∏—Ç—å —Å–∞–º—ã–µ –≤—ã—Å–æ–∫–∏–µ –≤–µ—Ä—à–∏–Ω—ã. 
–ì–ª–∞–≤–Ω–æ–µ ‚Äî –ø–æ—Å—Ç–∞–≤–∏—Ç—å –≤–µ—Ä–Ω—É—é —Ü–µ–ª—å –∏ —Å–ª–µ–¥–æ–≤–∞—Ç—å –∫ –Ω–µ–π, –Ω–µ —Å–≤–æ—Ä–∞—á–∏–≤–∞—è –Ω–∞ –ø—É—Ç–∏. –¶–µ–Ω–∏—Ç–µ —Ç–µ—Ö, –∫—Ç–æ –∏–¥—ë—Ç —Ä—É–∫–∞ –æ–± —Ä—É–∫—É —Å –≤–∞–º–∏, –ø–æ–º–æ–≥–∞–µ—Ç –∏ –ø–æ–¥–¥–µ—Ä–∂–∏–≤–∞–µ—Ç –≤ –ª—é–±—ã—Ö –Ω–∞—á–∏–Ω–∞–Ω–∏—è—Ö, –≤–µ—Ä–∏—Ç –∏ —Ü–µ–Ω–∏—Ç, –Ω–µ—Å–º–æ—Ç—Ä—è –Ω–∏ –Ω–∞ —á—Ç–æ. 
–ü—É—Å—Ç—å –≤—Å–µ –≤–∞—à–∏ —Å–∞–º—ã–µ —Å–º–µ–ª—ã–µ –∏–¥–µ–∏ –∏ –Ω–∞—á–∏–Ω–∞–Ω–∏—è –≤–æ–ø–ª–æ—Ç—è—Ç—Å—è –≤ –∂–∏–∑–Ω—å. 
–ü—É—Å—Ç—å —É—Ö–æ–¥—è—â–∏–π –≥–æ–¥ –æ—Å—Ç–∞–≤–∏—Ç –ø–æ—Å–ª–µ —Å–µ–±—è –≤—Å–µ —Å–∞–º–æ–µ —Ü–µ–Ω–Ω–æ–µ –∏ —Å—á–∞—Å—Ç–ª–∏–≤–æ–µ, –∞ –≤—Å–µ –ø–ª–æ—Ö–∏–µ –º–æ–º–µ–Ω—Ç—ã –æ—Å—Ç–∞–≤—è—Ç –ø–æ—Å–ª–µ —Å–µ–±—è —Ç–æ–ª—å–∫–æ —É—Ä–æ–∫–∏ –Ω–∞ –±—É–¥—É—â–µ–µ. 
–≠—Ç–æ—Ç –≥–æ–¥ –±—ã–ª –Ω–µ–ø—Ä–æ—Å—Ç–æ–π, –Ω–æ –æ—á–µ–Ω—å –∏–Ω—Ç–µ—Ä–µ—Å–Ω—ã–π –¥–ª—è –Ω–∞—Å, –∏ –º—ã –±–ª–∞–≥–æ–¥–∞—Ä–∏–º –≤—Å–µ—Ö –∏–≥—Ä–æ–∫–æ–≤ –∏ –±–æ–ª–µ–ª—å—â–∏–∫–æ–≤, –∫–æ—Ç–æ—Ä—ã–µ –±—ã–ª–∏ —Å –Ω–∞–º–∏ –≤–µ—Å—å —ç—Ç–æ—Ç –≥–æ–¥. 

–° –Ω–∞—Å—Ç—É–ø–∞—é—â–∏–º!","2019 –≥–æ–¥ –ø–æ–¥—Ö–æ–¥–∏—Ç –∫ –∫–æ–Ω—Ü—É, –∏ [club141935921|–ö–∏–±–µ—Ä—Å–ø–æ—Ä—Ç –≤ –ü–æ–ª–∏—Ç–µ—Ö–Ω–∏—á–µ—Å–∫–æ–º] —Å–ø–µ—à–∏—Ç –ø–æ–∑–¥—Ä–∞–≤–∏—Ç—å –≤—Å–µ—Ö —Å –Ω–∞—Å—Ç—É–ø–∞—é—â–∏–º–∏ –ø—Ä–∞–∑–¥–Ω–∏–∫–∞–º–∏! 

–ñ–µ–ª–∞–µ–º –≤–∞–º –≤—Å–µ–≥–¥–∞ –±—ã—Ç—å –ø–µ—Ä–≤—ã–º–∏!",https://sun9-16.userapi.com/c857336/v857336600/9e3c6/cR8l7iGiW9A.jpg,375,1577815216
178785670_300,178785670_300,VSTU Cybersport,178785670,300,vk.com/wall-178785670_300,"–ß—Ç–æ –∂–µ, –≤–æ—Ç –∏ –ø–æ–¥—Ö–æ–¥–∏—Ç –∫ –∫–æ–Ω—Ü—É —ç—Ç–æ—Ç –≥–æ–¥, —É–≤–µ—Ä–µ–Ω–∞ 2019 –≥–æ–¥ –æ—Å—Ç–∞–≤–∏–ª –º–Ω–æ–≥–æ —Ö–æ—Ä–æ—à–∏—Ö –≤–æ—Å–ø–æ–º–∏–Ω–∞–Ω–∏–π –∏ –ø–æ —Å–≤–æ–µ–º—É —Ä–∞–¥–æ–≤–∞–ª –∫–∞–∂–¥–æ–≥–æ. –ú—ã –ø–æ–∑–¥—Ä–∞–≤–ª—è–µ–º –≤–∞—Å —Å –Ω–∞—Å—Ç—É–ø–∞—é—â–∏–º 2020 –≥–æ–¥–æ–º, –∂–µ–ª–∞–µ–º —É—Å–ø–µ—Ö–æ–≤ –≤ –≤–∞—à–∏—Ö –¥–∏—Å—Ü–∏–ø–ª–∏–Ω–∞—Ö, –Ω–æ–≤—ã—Ö –ø–æ–±–µ–¥ –∏ –Ω–∏—á—É—Ç—å –Ω–µ –º–µ–Ω–µ–µ –∑—Ä–µ–ª–µ—â–Ω—ã—Ö —Ç—É—Ä–Ω–∏—Ä–æ–≤.","–ß—Ç–æ –∂–µ, –≤–æ—Ç –∏ –ø–æ–¥—Ö–æ–¥–∏—Ç –∫ –∫–æ–Ω—Ü—É —ç—Ç–æ—Ç –≥–æ–¥, —É–≤–µ—Ä–µ–Ω–∞ 2019 –≥–æ–¥ –æ—Å—Ç–∞–≤–∏–ª –º–Ω–æ–≥–æ —Ö–æ—Ä–æ—à–∏—Ö –≤–æ—Å–ø–æ–º–∏–Ω–∞–Ω–∏–π –∏ –ø–æ —Å–≤–æ–µ–º—É —Ä–∞–¥–æ–≤–∞–ª –∫–∞–∂–¥–æ–≥–æ. –ú—ã –ø–æ–∑–¥—Ä–∞–≤–ª—è–µ–º –≤–∞—Å —Å –Ω–∞—Å—Ç—É–ø–∞—é—â–∏–º 2020 –≥–æ–¥–æ–º, –∂–µ–ª–∞–µ–º —É—Å–ø–µ—Ö–æ–≤ –≤ –≤–∞—à–∏—Ö –¥–∏—Å—Ü–∏–ø–ª–∏–Ω–∞—Ö, –Ω–æ–≤—ã—Ö –ø–æ–±–µ–¥ –∏ –Ω–∏—á—É—Ç—å –Ω–µ –º–µ–Ω–µ–µ –∑—Ä–µ–ª–µ—â–Ω—ã—Ö —Ç—É—Ä–Ω–∏—Ä–æ–≤.

–£–≤–µ—Ä–µ–Ω—ã, –µ—Å—Ç—å –ª—é–¥–∏ –∫–æ—Ç–æ—Ä—ã–µ –±—É–¥—É—Ç –∏–≥—Ä–∞—Ç—å –≤—Å–µ –∫–∞–Ω–∏–∫—É–ª—ã, –ø–æ—ç—Ç–æ–º—É –≤ —Å–∫–æ—Ä–æ–º –≤—Ä–µ–º–µ–Ω–∏ –≤—ã–π–¥–µ—Ç –ø–æ—Å—Ç, –≥–¥–µ —Å–º–æ–∂–µ—Ç–µ –Ω–∞–π—Ç–∏ —Å–µ–±–µ —Å–æ–∏–≥—Ä–æ–∫–∞. –ê –≤–æ—Ç –∫–∞–∫–∏–µ –∏–≥—Ä—ã –±—É–¥—É—Ç, –ø–æ–∫–∞ —á—Ç–æ –º–∞–ª–µ–Ω—å–∫–∏–π —Å–µ–∫—Ä–µ—Ç –¥–ª—è –≤–∞—Å. –ß–µ–º –±–æ–ª—å—à–µ –ª–∞–π–∫–æ–≤, —Ç–µ–º –±–æ–ª—å—à–µ –≤–µ—Ä–æ—è—Ç–Ω–æ—Å—Ç—å, —á—Ç–æ –±—É–¥–µ—Ç –∏–º–µ–Ω–Ω–æ —Ç–≤–æ—è –∏–≥—Ä–∞.","–ß—Ç–æ –∂–µ, –≤–æ—Ç –∏ –ø–æ–¥—Ö–æ–¥–∏—Ç –∫ –∫–æ–Ω—Ü—É —ç—Ç–æ—Ç –≥–æ–¥, —É–≤–µ—Ä–µ–Ω–∞ 2019 –≥–æ–¥ –æ—Å—Ç–∞–≤–∏–ª –º–Ω–æ–≥–æ —Ö–æ—Ä–æ—à–∏—Ö –≤–æ—Å–ø–æ–º–∏–Ω–∞–Ω–∏–π –∏ –ø–æ —Å–≤–æ–µ–º—É —Ä–∞–¥–æ–≤–∞–ª",https://sun9-62.userapi.com/c205224/v205224672/25df2/QgOv862p2ug.jpg,356,1577816316
154558414_1147,154558414_1147,–ö–∏–±–µ—Ä—Å–ø–æ—Ä—Ç–∏–≤–Ω—ã–π –∫–ª—É–± –£–ì–ù–¢–£,154558414,1147,vk.com/wall-154558414_1147,üéÑ –° –ù–æ–≤—ã–º 2020 –≥–æ–¥–æ–º!,"üéÑ –° –ù–æ–≤—ã–º 2020 –≥–æ–¥–æ–º!

‚ú® –ö–∏–±–µ—Ä—Å–ø–æ—Ä—Ç–∏–≤–Ω—ã–π –∫–ª—É–± –£–ì–ù–¢–£ –ø–æ–∑–¥—Ä–∞–≤–ª—è–µ—Ç –≤—Å–µ—Ö —Å –ù–æ–≤—ã–º 2020 –≥–æ–¥–æ–º! –ñ–µ–ª–∞–µ–º –∏—Å–ø–æ–ª–Ω–µ–Ω–∏—é –∑–∞–¥—É–º–∞–Ω–Ω—ã—Ö –ø–ª–∞–Ω–æ–≤, —á—É–¥–µ—Å–Ω–æ–≥–æ —Ä–µ—à–µ–Ω–∏—è —Å–ª–æ–∂–Ω—ã—Ö —Å–∏—Ç—É–∞—Ü–∏–π! –ó–¥–æ—Ä–æ–≤—å—è, –ª—ë–≥–∫–æ—Å—Ç–∏ –≤ –∂–∏–∑–Ω–∏ –∏ –æ—Ç—Å—É—Ç—Å—Ç–≤–∏—è –ø—Ä–æ–±–ª–µ–º! –í—Å–µ–º –∏–≥—Ä–æ–∫–∞–º ‚Äî –±—ã—Ç—å –≤—ã—Å–æ–∫–æ–≥–æ —É—Ä–æ–≤–Ω—è –ø–æ —Å–∫–∏–ª–ª—É, –≤—Å–µ–º —Å—Ç—É–¥–µ–Ω—Ç–∞–º –∏ —à–∫–æ–ª—å–Ω–∏–∫–∞–º ‚Äî –ª–µ–≥–∫–æ–π —É—á—ë–±—ã!

‚ùÑ –î–ª—è –Ω–∞—à–µ–≥–æ –∫–ª—É–±–∞ —ç—Ç–æ—Ç –≥–æ–¥ —Å—Ç–∞–ª –ø–æ-–Ω–∞—Å—Ç–æ—è—â–µ–º—É –≤–æ–ª—à–µ–±–Ω—ã–º, –∏ –±–µ–∑ –≤–∞—Å –≤—Å–µ–≥–æ —ç—Ç–æ–≥–æ –±—ã –Ω–µ —Å–æ—Å—Ç–æ—è–ª–æ—Å—å. –ë—É–¥–µ–º —Ä–∞–¥—ã –≤–∏–¥–µ—Ç—å –≤–∞—Å –≤ –Ω–∞—à–∏—Ö —Ä—è–¥–∞—Ö –∏ –Ω–∞ –Ω–∞—à–∏—Ö –º–µ—Ä–æ–ø—Ä–∏—è—Ç–∏—è—Ö –≤ –±—É–¥—É—â–µ–º –∏ –≤–µ—Ä–∏–º, —á—Ç–æ –≤–∞—à–∞ –ø–æ–¥–¥–µ—Ä–∂–∫–∞ –±—É–¥–µ—Ç —Å—Ç–æ–ª—å –∂–µ —è—Ä–∫–æ–π, –∫–∞–∫ –≤ –º–∏–Ω—É–≤—à–µ–º –≥–æ–¥—É!

üî• –ù–æ–≤—ã—Ö –ø–æ–±–µ–¥ –∏ –¥–æ—Å—Ç–∏–∂–µ–Ω–∏–π –≤—Å–µ–º –Ω–∞–º! –° –ù–æ–≤—ã–º 2020 –≥–æ–¥–æ–º!

#–Ω–æ–≤–æ—Å—Ç–∏@usptu_esports #–£–ì–ù–¢–£ #–∫–∏–±–µ—Ä—Å–ø–æ—Ä—Ç #–ë–∞—à–∫–æ—Ä—Ç–æ—Å—Ç–∞–Ω #–ù–æ–≤—ã–π–ì–æ–¥ #2020","üéÑ –° –ù–æ–≤—ã–º 2020 –≥–æ–¥–æ–º!

‚ú® –ö–∏–±–µ—Ä—Å–ø–æ—Ä—Ç–∏–≤–Ω—ã–π –∫–ª—É–± –£–ì–ù–¢–£ –ø–æ–∑–¥—Ä–∞–≤–ª—è–µ—Ç –≤—Å–µ—Ö —Å –ù–æ–≤—ã–º 2020 –≥–æ–¥–æ–º! –ñ–µ–ª–∞–µ–º –∏—Å–ø–æ–ª–Ω–µ–Ω–∏—é –∑–∞–¥—É–º–∞–Ω–Ω—ã—Ö –ø–ª–∞–Ω–æ–≤, —á—É–¥–µ—Å–Ω–æ–≥–æ —Ä–µ—à–µ–Ω–∏—è",https://sun9-61.userapi.com/c854428/v854428708/1b0754/A6xpgWV72Ok.jpg,347,1577782821
66657438_1320,66657438_1320,–ö–∏–±–µ—Ä—Å–ø–æ—Ä—Ç | –°–°–ö ¬´–°–µ–Ω–∞—Ç–æ—Ä¬ª –†–ê–ù–•–∏–ì–°,66657438,1320,vk.com/wall-66657438_1320,–°–±–æ—Ä–Ω–∞—è –∫–∏–±–µ—Ä—Å–ø–æ—Ä—Ç–∞ –°–°–ö ¬´–°–µ–Ω–∞—Ç–æ—Ä¬ª –†–ê–ù–•–∏–ì–° –ø–æ–∑–¥—Ä–∞–≤–ª—è–µ—Ç –≤–∞—Å —Å –Ω–∞—Å—Ç—É–ø–∞—é—â–∏–º –ù–æ–≤—ã–º 2020 –≥–æ–¥–æ–º!,"–°–±–æ—Ä–Ω–∞—è –∫–∏–±–µ—Ä—Å–ø–æ—Ä—Ç–∞ –°–°–ö ¬´–°–µ–Ω–∞—Ç–æ—Ä¬ª –†–ê–ù–•–∏–ì–° –ø–æ–∑–¥—Ä–∞–≤–ª—è–µ—Ç –≤–∞—Å —Å –Ω–∞—Å—Ç—É–ø–∞—é—â–∏–º –ù–æ–≤—ã–º 2020 –≥–æ–¥–æ–º!

–ú—ã —Ö–æ—Ç–∏–º –ø–æ–±–ª–∞–≥–æ–¥–∞—Ä–∏—Ç—å –∫–∞–∂–¥–æ–≥–æ –∏–∑ –≤–∞—Å. –í—Å–µ—Ö —Ç–µ—Ö, –∫—Ç–æ —É—á–∞—Å—Ç–≤–æ–≤–∞–ª –≤ –æ—Ç–±–æ—Ä–∞—Ö, —Å–ª–µ–¥–∏–ª –∑–∞ –Ω–∞–º–∏ —Å —Å–æ—Ü—Å–µ—Ç—è—Ö –∏ –ø–æ–¥–¥–µ—Ä–∂–∏–≤–∞–ª –Ω–∞ —Å–æ—Ä–µ–≤–Ω–æ–≤–∞–Ω–∏—è—Ö. 
–ú—ã –∂–µ–ª–∞–µ–º –≤–∞–º –≤—Å–µ–º –≤ —ç—Ç–æ–º –≥–æ–¥—É –±–æ–ª—å—à–µ –Ω–æ–≤—ã—Ö –∏–Ω—Ç–µ—Ä–µ—Å–Ω—ã—Ö –∑–Ω–∞–∫–æ–º—Å—Ç–≤, –∫—Ä–µ–ø–∫–æ–≥–æ –∑–¥–æ—Ä–æ–≤—å—è –∏ —Å–∞–º–æ–µ –≥–ª–∞–≤–Ω–æ–µ ‚Äî —Å—á–∞—Å—Ç—å—è. 
–ü—É—Å—Ç—å –≤—Å—ë —Ç–æ, —á—Ç–æ –≤—ã –∑–∞–≥–∞–¥–∞–µ—Ç–µ –≤ –Ω–æ–≤–æ–≥–æ–¥–Ω—é—é –Ω–æ—á—å –æ–±—è–∑–∞—Ç–µ–ª—å–Ω–æ —Å–±—É–¥–µ—Ç—Å—è! 

–° –ª—é–±–æ–≤—å—é –∏ —É–≤–∞–∂–µ–Ω–∏–µ–º, —Å–±–æ—Ä–Ω–∞—è –∫–∏–±–µ—Ä—Å–ø–æ—Ä—Ç–∞ –°–°–ö ¬´–°–µ–Ω–∞—Ç–æ—Ä¬ª –†–ê–ù–•–∏–ì–° ü¶ÅüéÆ","–°–±–æ—Ä–Ω–∞—è –∫–∏–±–µ—Ä—Å–ø–æ—Ä—Ç–∞ –°–°–ö ¬´–°–µ–Ω–∞—Ç–æ—Ä¬ª –†–ê–ù–•–∏–ì–° –ø–æ–∑–¥—Ä–∞–≤–ª—è–µ—Ç –≤–∞—Å —Å –Ω–∞—Å—Ç—É–ø–∞—é—â–∏–º –ù–æ–≤—ã–º 2020 –≥–æ–¥–æ–º!

–ú—ã —Ö–æ—Ç–∏–º –ø–æ–±–ª–∞–≥–æ–¥–∞—Ä–∏—Ç—å –∫–∞–∂–¥–æ–≥–æ –∏–∑ –≤–∞—Å. –í—Å–µ—Ö —Ç–µ—Ö, –∫—Ç–æ",https://sun9-14.userapi.com/c205224/v205224774/25894/m6Se372-xiE.jpg,202,1577786411
67881580_7237,67881580_7237,–ö–∏–±–µ—Ä –ê—Ä–µ–Ω–∞ –†–£–¢(–ú–ò–ò–¢),67881580,7237,vk.com/wall-67881580_7237,"–î–æ—Ä–æ–≥–∏–µ –¥—Ä—É–∑—å—è, –ø–æ–∑–¥—Ä–∞–≤–ª—è–µ–º –í–∞—Å —Å –Ω–∞—Å—Ç—É–ø–∞—é—â–∏–º –ù–æ–≤—ã–º 2020 –≥–æ–¥–æ–º ,—ç—Ç–æ –±—ã–ª —Ç—è–∂—ë–ª—ã–π –≥–æ–¥,–Ω–æ –º—ã —Å–ø—Ä–∞–≤–∏–ª–∏—Å—å.üéÜ","–î–æ—Ä–æ–≥–∏–µ –¥—Ä—É–∑—å—è, –ø–æ–∑–¥—Ä–∞–≤–ª—è–µ–º –í–∞—Å —Å –Ω–∞—Å—Ç—É–ø–∞—é—â–∏–º –ù–æ–≤—ã–º 2020 –≥–æ–¥–æ–º ,—ç—Ç–æ –±—ã–ª —Ç—è–∂—ë–ª—ã–π –≥–æ–¥,–Ω–æ –º—ã —Å–ø—Ä–∞–≤–∏–ª–∏—Å—å.üéÜ
–í—Å–µ–º —Ö–æ—Ä–æ—à–µ–≥–æ –≥–æ–¥–∞,—Ö–æ—Ä–æ—à–µ–≥–æ –Ω–∞—Å—Ç—Ä–æ–µ–Ω–∏—è –∏ —Ö–æ—Ä–æ—à–µ–π –∏–≥—Ä—ã!üéâ
–í–µ–¥—å,–∫–∞–∫ –≥–æ–≤–æ—Ä–∏—Ç—Å—è:""–ö–∞–∫ –≤—Å—Ç—Ä–µ—Ç–∏—à—å –ù–æ–≤—ã–π –≥–æ–¥ - —Ç–∞–∫ –µ–≥–æ –∏ –ø—Ä–æ–≤–µ–¥–µ—à—å""üéÑ","–î–æ—Ä–æ–≥–∏–µ –¥—Ä—É–∑—å—è, –ø–æ–∑–¥—Ä–∞–≤–ª—è–µ–º –í–∞—Å —Å –Ω–∞—Å—Ç—É–ø–∞—é—â–∏–º –ù–æ–≤—ã–º 2020 –≥–æ–¥–æ–º ,—ç—Ç–æ –±—ã–ª —Ç—è–∂—ë–ª—ã–π –≥–æ–¥,–Ω–æ –º—ã —Å–ø—Ä–∞–≤–∏–ª–∏—Å—å.üéÜ
–í—Å–µ–º —Ö–æ—Ä–æ—à–µ–≥–æ –≥–æ–¥–∞,—Ö–æ—Ä–æ—à–µ–≥–æ –Ω–∞—Å—Ç—Ä–æ–µ–Ω–∏—è –∏ —Ö–æ—Ä–æ—à–µ–π",https://sun9-72.userapi.com/c200416/v200416151/265b2/fFtHojX4mmE.jpg,194,1577812687
175243235_238,175243235_238,–ê–≤–∏–∞—Ç–µ—Ö–Ω–∏–∫—É–º: –ö–∏–±–µ—Ä—Å–ø–æ—Ä—Ç,175243235,238,vk.com/wall-175243235_238,üí£–†–µ–≥–∏—Å—Ç—Ä–∞—Ü–∏—è –∑–∞–≤–µ—Ä—à–µ–Ω–∞! (–ø–æ—Å—Ç —Ä–µ–¥. 12:11 02.01.2020),"üí£–†–µ–≥–∏—Å—Ç—Ä–∞—Ü–∏—è –∑–∞–≤–µ—Ä—à–µ–Ω–∞! (–ø–æ—Å—Ç —Ä–µ–¥. 12:11 02.01.2020)

24-–≥–æ —è–Ω–≤–∞—Ä—è —Å–æ—Å—Ç–æ–∏—Ç—Å—è –ø–µ—Ä–≤—ã–π —Ç—É—Ä –Ω–∞—à–µ–≥–æ —Ç—É—Ä–Ω–∏—Ä–∞. –î–∏—Å—Ü–∏–ø–ª–∏–Ω–∞ –ø–µ—Ä–≤–æ–≥–æ –ø–æ—Ä—è–¥–∫–∞ –æ–±—ä—è–≤–ª–µ–Ω–∞ –±—É–¥–µ—Ç –ø–æ–∑–¥–Ω–µ–µ. 
–û–∫–æ–Ω—á–∞—Ç–µ–ª—å–Ω–æ–µ —á–∏—Å–ª–æ –∑–∞—è–≤–æ–∫ –∏ —Ç–æ—á–Ω—ã–π —Å–ø–∏—Å–æ–∫ –¥–∏—Å—Ü–∏–ø–ª–∏–Ω:

Dota2: 3 –∫–æ–º–∞–Ω–¥—ã 
CS:GO: 15 –∫–æ–º–∞–Ω–¥
‚ùìHearthstone: 1 –∫–æ–º–∞–Ω–¥–∞ - –¥–∏—Å—Ü–∏–ø–ª–∏–Ω–∞ –≤—ã–±—ã–≤–∞–µ—Ç!!
‚ùìApex legends: 1 –∫–æ–º–∞–Ω–¥–∞ - –¥–∏—Å—Ü–∏–ø–ª–∏–Ω–∞ –≤—ã–±—ã–≤–∞–µ—Ç!! 
‚ùìWarcraft 3: 1 –∫–æ–º–∞–Ω–¥–∞ - –¥–∏—Å—Ü–∏–ø–ª–∏–Ω–∞ –≤—ã–±—ã–≤–∞–µ—Ç!!
‚ùìWorld of Tanks: 0 –∫–æ–º–∞–Ω–¥ - –¥–∏—Å—Ü–∏–ø–ª–∏–Ω–∞ –≤—ã–±—ã–≤–∞–µ—Ç
Civilization 6: 3 –∫–æ–º–∞–Ω–¥—ã
 
–ü–æ –≤—ã–±—ã–≤—à–∏–º –¥–∏—Å—Ü–∏–ø–ª–∏–Ω–∞–º –ø—Ä–∏–µ–º –∑–∞—è–≤–æ–∫ –ø—Ä–æ–¥–æ–ª–∂–∏—Ç—å—Å—è –¥–æ 10.01.2020, –µ—Å–ª–∏ –µ—â–µ –±—É–¥—É—Ç –∫–æ–º–∞–Ω–¥—ã, –¥–∏—Å—Ü–∏–ø–ª–∏–Ω—ã –æ—Å—Ç–∞—é—Ç—Å—è. –£—Å–ø–µ–≤–∞–π—Ç–µ!
_______________________________________________________________
–£—á–∞—Å—Ç–Ω–∏–∫–æ–≤ –ø—Ä–æ—Å—å–±–∞ –Ω–∞–π—Ç–∏ —Å–≤–æ—é –∑–∞—è–≤–∫—É —Å—Ä–µ–¥–∏ —Ñ–æ—Ç–æ–≥—Ä–∞—Ñ–∏–π –≤ üëâüèªhttps://vk.com/album-175243235_269276868 –∏ –æ—Ç–ø–∏—Å–∞—Ç—å –≤ –æ—Ç–≤–µ—Ç –Ω–∞ –ø–æ–ª—É—á–µ–Ω–Ω–æ–µ —Å–æ–æ–±—â–µ–Ω–∏–µ ""+"" –∏–ª–∏ ""–∑–∞—è–≤–∫—É –ø–æ–¥—Ç–≤–µ—Ä–∂–¥–∞—é"" 

‚ö†–ï—Å–ª–∏ –í–∞–º –Ω–µ –ø—Ä–∏—à–ª–æ —Å–æ–æ–±—â–µ–Ω–∏–µ, –∏–ª–∏ –≤—ã –Ω–µ —É–≤–∏–¥–µ–ª–∏ —Å–≤–æ—é –∑–∞—è–≤–∫—É —Ç–æ –ø—Ä–æ—Å—å–±–∞ —Å—Ä–æ—á–Ω–æ –Ω–∞–ø–∏—Å–∞—Ç—å –Ω–∞—à–µ–º—É –º–µ–Ω–µ–¥–∂–µ—Ä—É: https://vk.com/soz_dan

‚ö†–ü–æ –≤–æ–ø—Ä–æ—Å–∞–º –Ω–∞–±–æ—Ä–∞ –≤ —Ç–µ—Ö. –ø–æ–¥–¥–µ—Ä–∂–∫—É –ø–∏—Å–∞—Ç—å –≥–ª. –æ—Ä–≥–∞–Ω–∏–∑–∞—Ç–æ—Ä—É: https://vk.com/varmar 

‚ö†–°–ø–∞—Å–∏—Ç–µ –≤—ã–±—ã–≤—à–∏–µ –¥–∏—Å—Ü–∏–ø–ª–∏–Ω—ã, –Ω—É–∂–Ω–æ –≤—Å–µ–≥–æ 1-2 –∑–∞—è–≤–∫–∏.","üí£–†–µ–≥–∏—Å—Ç—Ä–∞—Ü–∏—è –∑–∞–≤–µ—Ä—à–µ–Ω–∞! (–ø–æ—Å—Ç —Ä–µ–¥. 12:11 02.01.2020)

24-–≥–æ —è–Ω–≤–∞—Ä—è —Å–æ—Å—Ç–æ–∏—Ç—Å—è –ø–µ—Ä–≤—ã–π —Ç—É—Ä –Ω–∞—à–µ–≥–æ —Ç—É—Ä–Ω–∏—Ä–∞. –î–∏—Å—Ü–∏–ø–ª–∏–Ω–∞ –ø–µ—Ä–≤–æ–≥–æ –ø–æ—Ä—è–¥–∫–∞ –æ–±—ä—è–≤–ª–µ–Ω–∞ –±—É–¥–µ—Ç –ø–æ–∑–¥–Ω–µ–µ. 
–û–∫–æ–Ω—á–∞—Ç–µ–ª—å–Ω–æ–µ —á–∏—Å–ª–æ",,136,1577952475
129070523_1066,129070523_1066,–ö–∏–±–µ—Ä—Å–ø–æ—Ä—Ç –ú–ü–ì–£ | eSports MSPU,129070523,1066,vk.com/wall-129070523_1066,"–° –ù–∞—Å—Ç—É–ø–∏–≤—à–∏–º –ù–æ–≤—ã–π –ì–æ–¥–æ–º, –¥—Ä—É–∑—å—è!","–° –ù–∞—Å—Ç—É–ø–∏–≤—à–∏–º –ù–æ–≤—ã–π –ì–æ–¥–æ–º, –¥—Ä—É–∑—å—è!

–ö–æ–º–∞–Ω–¥–∞ <a href=""vk.com/club129070523"">–ö–∏–±–µ—Ä—Å–ø–æ—Ä—Ç–∞ –ú–ü–ì–£ </a> –ø–æ—á—Ç–∏ –ø—Ä–∏—à–ª–∞ –≤ —Å–µ–±—è –ø–æ—Å–ª–µ –¥–µ—Ç—Å–∫–æ–≥–æ —à–∞–º–ø–∞–Ω—Å–∫–æ–≥–æ ( —Ö–æ—Ç—è –Ω–µ–∫–æ—Ç–æ—Ä—ã–µ –µ—ë —É—á–∞—Å—Ç–Ω–∏–∫–∏ –ª–µ–∂–∞—Ç –ø–æ–¥ —Å—Ç–æ–ª–æ–º –ø–æ—Å–ª–µ –¢–∞—Ä—Ö—É–Ω–∞ ( –ß–µ—Ä–Ω–æ–≥–æ–ª–æ–≤–∫–∞) —Å –≤–µ—á–∞—Ä–∞ 31 –¥–µ–∫–∞–±—Ä—è) –∏ –º—ã –≥–æ—Ç–æ–≤—ã –í–∞—Å –ø–æ–∑–¥—Ä–∞–≤–∏—Ç—å üôÉ

–ú—ã –∂–µ–ª–∞–µ–º –í–∞–º –ø–æ–±–æ–ª—å—à–µ –≤—Ä–µ–º–µ–Ω–∏ –ø—Ä–æ–≤–æ–¥–∏—Ç—å —Å —Å–µ–º—å—ë–π, —Ä–∞–∑–Ω–æ–æ–±—Ä–∞–∑–Ω—ã—Ö –ø—É—Ç–µ—à–µ—Å—Ç–≤–∏–π, –º–æ—Ä–µ —è—Ä–∫–∏—Ö —ç–º–æ—Ü–∏–π –∏ –≤–ø–µ—á–∞—Ç–ª–µ–Ω–∏–π,  –∂–µ–ª–∞–µ–º –∫—Ä–µ–ø–∫–æ–≥–æ –∑–¥–æ—Ä–æ–≤—å—è –∏ —Å—á–∞—Å—Ç—å—è –≤ –ù–æ–≤–æ–º –ì–æ–¥—É.
–ù–µ –∑–∞–±—É–¥–µ–º –ø–æ–∂–µ–ª–∞—Ç—å –í–∞–º –∏ –Ω–∏–∑–∫–∏–π –ø–∏–Ω–≥,  –≤–∏–¥–µ—Ç—å –ø–æ–º–µ–Ω—å—à–µ –õ–ê–ì'–æ–≤ –∏ –ë–ê–ì'–æ–≤,  —Å–ª—ã—à–∞—Ç—å –ø–æ–º–µ–Ω—å—à–µ –æ—Å–∫–æ—Ä–±–ª–µ–Ω–∏–π, –Ω–∞ —Å—á—ë—Ç—á–∏–∫–µ –≤–∏–¥–µ—Ç—å —á–∞—Å—Ç–æ—Ç—É –∫–∞–¥—Ä–æ–≤ –∑–∞ –¥–≤–µ—Å—Ç–∏ , –Ω—É –∏ –Ω–æ—Ä–º–∞–ª—å–Ω—ã—Ö —Ç–∏–º–º–µ–π—Ç–æ–≤ :)

 –ì–µ–π–º–µ—Ä–∞–º –ø–æ–∂–µ–ª–∞–µ–º –ø–æ–±–æ–ª—å—à–µ —Å—é–∂–µ—Ç–Ω—ã—Ö –∏–≥—Ä, –Ω—É –∞ –ö–∏–±–µ—Ä—Å–ø–æ—Ä—Ç—Å–º–µ–Ω–∞–º - —É–¥–∞—á–∏ –Ω–∞ —Å–æ—Ä–µ–≤–Ω–æ–≤–∞–Ω–∏—è—Ö –∏,  –≤–æ–∑–º–æ–∂–Ω–æ, –Ω–∞ –ø—Ä–æ—Ñ–µ—Å—Å–∏–æ–Ω–∞–ª—å–Ω–æ–π —Å—Ü–µ–Ω–µ!

–° –ù–û–í–´–ú –ì–û–î–û–ú!

P.s.  –æ–±–µ—â–∞–Ω–∏–µ –Ω–∞ –Ω–æ–≤—ã–π –≥–æ–¥:
–ú—ã —á–µ—Å—Ç–Ω–æ –ø–æ—Å—Ç–∞—Ä–∞–µ–º—Å—è –Ω–∞—É—á–∏—Ç—å—Å—è –ø–æ–ª—å–∑–æ–≤–∞—Ç—å—Å—è —Ñ—É–Ω–∫—Ü–∏–µ–π ""–æ—Ç–ª–æ–∂–µ–Ω–Ω–∞—è –ø—É–±–ª–∏–∫–∞—Ü–∏—è"" –≤ –Ω–æ–≤–æ–º –≥–æ–¥—É üòÇ","–° –ù–∞—Å—Ç—É–ø–∏–≤—à–∏–º –ù–æ–≤—ã–π –ì–æ–¥–æ–º, –¥—Ä—É–∑—å—è!

–ö–æ–º–∞–Ω–¥–∞ [club129070523|–ö–∏–±–µ—Ä—Å–ø–æ—Ä—Ç–∞ –ú–ü–ì–£ ] –ø–æ—á—Ç–∏ –ø—Ä–∏—à–ª–∞ –≤ —Å–µ–±—è –ø–æ—Å–ª–µ –¥–µ—Ç—Å–∫–æ–≥–æ —à–∞–º–ø–∞–Ω—Å–∫–æ–≥–æ ( —Ö–æ—Ç—è –Ω–µ–∫–æ—Ç–æ—Ä—ã–µ –µ—ë —É—á–∞—Å—Ç–Ω–∏–∫–∏",https://sun9-54.userapi.com/c858520/v858520356/a2315/a6TgLzL6TNs.jpg,85,1577969280
157483893_129,157483893_129,–ö–∏–±–µ—Ä—Å–ø–æ—Ä—Ç–∏–≤–Ω—ã–π –∫–ª—É–± –ö–ò–£,157483893,129,vk.com/wall-157483893_129,"–°—Ç—É–¥–µ–Ω—Ç—ã, –º—ã —É–≤–µ—Ä–µ–Ω—ã, —á—Ç–æ —Å—Ä–µ–¥–∏ –í–∞—Å –∏–º–µ—é—Ç—Å—è –æ–ø—ã—Ç–Ω—ã–µ –∏ –≥—Ä–∞–º–æ—Ç–Ω—ã–µ –¥–∏–∑–∞–π–Ω–µ—Ä—ã. –ö–æ–º–ø—å—é—Ç–µ—Ä–Ω—ã–π –∫–ª—É–± <a href=""vk.com/club7859470"">@cyberartcore</a> –Ω–∞—Ö–æ–¥–∏—Ç—Å—è –≤ –ø–æ–∏—Å–∫–µ –¥–∏–∑–∞–π–Ω–µ—Ä–∞ –≤ —à—Ç–∞—Ç!","–°—Ç—É–¥–µ–Ω—Ç—ã, –º—ã —É–≤–µ—Ä–µ–Ω—ã, —á—Ç–æ —Å—Ä–µ–¥–∏ –í–∞—Å –∏–º–µ—é—Ç—Å—è –æ–ø—ã—Ç–Ω—ã–µ –∏ –≥—Ä–∞–º–æ—Ç–Ω—ã–µ –¥–∏–∑–∞–π–Ω–µ—Ä—ã. –ö–æ–º–ø—å—é—Ç–µ—Ä–Ω—ã–π –∫–ª—É–± <a href=""vk.com/club7859470"">@cyberartcore</a> –Ω–∞—Ö–æ–¥–∏—Ç—Å—è –≤ –ø–æ–∏—Å–∫–µ –¥–∏–∑–∞–π–Ω–µ—Ä–∞ –≤ —à—Ç–∞—Ç!","–°—Ç—É–¥–µ–Ω—Ç—ã, –º—ã —É–≤–µ—Ä–µ–Ω—ã, —á—Ç–æ —Å—Ä–µ–¥–∏ –í–∞—Å –∏–º–µ—é—Ç—Å—è –æ–ø—ã—Ç–Ω—ã–µ –∏ –≥—Ä–∞–º–æ—Ç–Ω—ã–µ –¥–∏–∑–∞–π–Ω–µ—Ä—ã. –ö–æ–º–ø—å—é—Ç–µ—Ä–Ω—ã–π –∫–ª—É–± [club7859470|@cyberartcore] –Ω–∞—Ö–æ–¥–∏—Ç—Å—è –≤ –ø–æ–∏—Å–∫–µ –¥–∏–∑–∞–π–Ω–µ—Ä–∞ –≤ —à—Ç–∞—Ç!",,45,1577697078
